linkedin_id,name,slug,status,notes
1784,,,unresolved,
5356541,,,unresolved,
2382910,,,unresolved,
3545,,,unresolved,
9262901,,,unresolved,
10424439,,,unresolved,
11016997,,,unresolved,
2963249,,,unresolved,
3787845,,,unresolved,
3845,,,unresolved,
7793,,,unresolved,
10001198,,,unresolved,
1009,,,unresolved,
10180448,,,unresolved,
101926060,,,unresolved,
10258548,,,unresolved,
10275909,,,unresolved,
1028,,,unresolved,
10280968,,,unresolved,
1035,,,unresolved,
103531,,,unresolved,
1038,,,unresolved,
1043,,,unresolved,
10442437,,,unresolved,
104609501,,,unresolved,
105238356,,,unresolved,
1053,,,unresolved,
1060,,,unresolved,
106112505,,,unresolved,
1063,,,unresolved,
1065469,,,unresolved,
1066442,,,unresolved,
10667,,,unresolved,
107383551,,,unresolved,
107716961,,,unresolved,
10854260,,,unresolved,
10950962,,,unresolved,
11058494,,,unresolved,
11062162,,,unresolved,
11064675,,,unresolved,
11065434,,,unresolved,
11130470,,,unresolved,
11251903,,,unresolved,
11348,,,unresolved,
11520354,,,unresolved,
1173,,,unresolved,
11826960,,,unresolved,
1207,,,unresolved,
1214453,,,unresolved,
123380,,,unresolved,
12515,,,unresolved,
12596773,,,unresolved,
125999,,,unresolved,
1301808,,,unresolved,
1314652,,,unresolved,
13205888,,,unresolved,
13216,,,unresolved,
1342262,,,unresolved,
13922,,,unresolved,
13948,,,unresolved,
13981593,,,unresolved,
13981594,,,unresolved,
14051,,,unresolved,
1418841,,,unresolved,
1431,,,unresolved,
1441,,,unresolved,
1449,,,unresolved,
1455,,,unresolved,
1480,,,unresolved,
1481,,,unresolved,
14815756,,,unresolved,
1482,,,unresolved,
14853,,,unresolved,
15027,,,unresolved,
150573,,,unresolved,
15156062,,,unresolved,
15191764,,,unresolved,
15211263,,,unresolved,
15415277,,,unresolved,
1545609,,,unresolved,
157356,,,unresolved,
1586,,,unresolved,
1594050,,,unresolved,
1603,,,unresolved,
1612748,,,unresolved,
16181286,,,unresolved,
1642,,,unresolved,
164301,,,unresolved,
165158,,,unresolved,
165276,,,unresolved,
16584,,,unresolved,
166474,,,unresolved,
167280,,,unresolved,
167557,,,unresolved,
1684122,,,unresolved,
1722873,,,unresolved,
17719,,,unresolved,
17955831,,,unresolved,
17988315,,,unresolved,
1815218,,,unresolved,
18161113,,,unresolved,
18164565,,,unresolved,
18293159,,,unresolved,
18347648,,,unresolved,
1879,,,unresolved,
18826329,,,unresolved,
18852605,,,unresolved,
18863453,,,unresolved,
18922914,,,unresolved,
1893,,,unresolved,
19029173,,,unresolved,
1970,,,unresolved,
200030,,,unresolved,
2057437,,,unresolved,
20708,,,unresolved,
207470,,,unresolved,
2078,,,unresolved,
212669,,,unresolved,
2135371,,,unresolved,
2137,,,unresolved,
22296997,,,unresolved,
2254852,,,unresolved,
22688,,,unresolved,
2274396,,,unresolved,
2284,,,unresolved,
230546,,,unresolved,
2329,,,unresolved,
2346695,,,unresolved,
2387,,,unresolved,
2394728,,,unresolved,
2400901,,,unresolved,
2494,,,unresolved,
2497653,,,unresolved,
2508619,,,unresolved,
2529574,,,unresolved,
2574959,,,unresolved,
2594164,,,unresolved,
260387,,,unresolved,
26615638,,,unresolved,
26684491,,,unresolved,
2686335,,,unresolved,
2743,,,unresolved,
2745890,,,unresolved,
2751,,,unresolved,
2762432,,,unresolved,
279565,,,unresolved,
2802,,,unresolved,
2830763,,,unresolved,
2837535,,,unresolved,
28513290,,,unresolved,
2873,,,unresolved,
296493,,,unresolved,
2979,,,unresolved,
2988,,,unresolved,
3007630,,,unresolved,
30086,,,unresolved,
3015,,,unresolved,
3072,,,unresolved,
3089380,,,unresolved,
309694,,,unresolved,
3116425,,,unresolved,
3118913,,,unresolved,
3131483,,,unresolved,
3151385,,,unresolved,
3179069,,,unresolved,
3185,,,unresolved,
3193403,,,unresolved,
3226972,,,unresolved,
3302579,,,unresolved,
3317134,,,unresolved,
3477522,,,unresolved,
35626123,,,unresolved,
35704741,,,unresolved,
3608,,,unresolved,
36435,,,unresolved,
3653845,,,unresolved,
3675685,,,unresolved,
36865,,,unresolved,
37209,,,unresolved,
3748,,,unresolved,
3812750,,,unresolved,
3823740,,,unresolved,
3886282,,,unresolved,
3894,,,unresolved,
3925,,,unresolved,
395288,,,unresolved,
3964931,,,unresolved,
400528,,,unresolved,
402048,,,unresolved,
407222,,,unresolved,
40801353,,,unresolved,
418095,,,unresolved,
426253,,,unresolved,
434598,,,unresolved,
4793443,,,unresolved,
4856,,,unresolved,
49445,,,unresolved,
49697,,,unresolved,
4972,,,unresolved,
5043989,,,unresolved,
5101804,,,unresolved,
52179120,,,unresolved,
5329,,,unresolved,
5383634,,,unresolved,
5390798,,,unresolved,
564709,,,unresolved,
60868,,,unresolved,
63592,,,unresolved,
6436622,,,unresolved,
6442095,,,unresolved,
6576393,,,unresolved,
67849,,,unresolved,
68529,,,unresolved,
6867,,,unresolved,
69560619,,,unresolved,
69852936,,,unresolved,
71701124,,,unresolved,
71719093,,,unresolved,
748731,,,unresolved,
77173985,,,unresolved,
78383639,,,unresolved,
78395355,,,unresolved,
784322,,,unresolved,
78833680,,,unresolved,
80114151,,,unresolved,
8095,,,unresolved,
814025,,,unresolved,
869560,,,unresolved,
88007673,,,unresolved,
88873,,,unresolved,
892001,,,unresolved,
906658,,,unresolved,
92771,,,unresolved,
9310632,,,unresolved,
93621491,,,unresolved,
9408755,,,unresolved,
94273421,,,unresolved,
94799807,,,unresolved,
9480749,,,unresolved,
9486856,,,unresolved,
95972483,,,unresolved,
99465223,,,unresolved,
999183,,,unresolved,
